{"cameraMode":{"drawMode":0,"name":"Shaded","section":"Shading Mode"},"sceneLighting":true,"audioPlay":false,"sceneViewState":{"showFog":true,"showMaterialUpdate":true,"showSkybox":true,"showFlares":true,"showImageEffects":true,"showParticleSystems":true},"in2DMode":false,"pivot":{"x":-13.270096778869629,"y":36.8521728515625,"z":-76.60629272460938},"rotation":{"x":0.20649364590644837,"y":0.2670329511165619,"z":-0.05867309495806694,"w":0.9394738674163818},"size":12.069592475891114,"orthographic":false}