{"cameraMode":{"drawMode":0,"name":"Shaded","section":"Shading Mode"},"sceneLighting":true,"audioPlay":false,"sceneViewState":{"showFog":true,"showMaterialUpdate":true,"showSkybox":true,"showFlares":true,"showImageEffects":true,"showParticleSystems":true},"in2DMode":false,"pivot":{"x":-22.22271728515625,"y":18.084447860717775,"z":30.557199478149415},"rotation":{"x":-0.0029999113176018,"y":-0.0074998969212174419,"z":-0.000022499760234495625,"w":0.9999674558639526},"size":199.5460968017578,"orthographic":false}