{"cameraMode":{"drawMode":0,"name":"Shaded","section":"Shading Mode"},"sceneLighting":true,"audioPlay":false,"sceneViewState":{"showFog":true,"showMaterialUpdate":true,"showSkybox":true,"showFlares":true,"showImageEffects":true,"showParticleSystems":true},"in2DMode":false,"pivot":{"x":-8.39526081085205,"y":-13.853158950805664,"z":263.29730224609377},"rotation":{"x":0.03784218430519104,"y":-0.0005696758162230253,"z":0.000040322996937902644,"w":0.9992836117744446},"size":288.79437255859377,"orthographic":false}