{"cameraMode":{"drawMode":0,"name":"Shaded","section":"Shading Mode"},"sceneLighting":true,"audioPlay":false,"sceneViewState":{"showFog":true,"showMaterialUpdate":true,"showSkybox":true,"showFlares":true,"showImageEffects":true,"showParticleSystems":true},"in2DMode":false,"pivot":{"x":-6.364900588989258,"y":9.569046020507813,"z":-114.278076171875},"rotation":{"x":-0.006090033799409866,"y":0.9929324984550476,"z":0.10278593748807907,"w":0.05901779606938362},"size":21.3746337890625,"orthographic":false}